"Id","Probability"
0,"No"
1,"No"
2,"No"
3,"No"
4,"Yes"
5,"No"
6,"Yes"
7,"No"
8,"Yes"
9,"No"
10,"No"
11,"Yes"
12,"No"
13,"Yes"
14,"Yes"
15,"No"
16,"No"
17,"No"
18,"No"
19,"No"
20,"No"
21,"Yes"
22,"Yes"
23,"No"
24,"Yes"
25,"No"
26,"No"
27,"No"
28,"No"
29,"No"
30,"No"
31,"No"
32,"Yes"
33,"No"
34,"No"
35,"No"
36,"Yes"
37,"Yes"
38,"No"
39,"No"
40,"Yes"
41,"No"
42,"No"
43,"No"
44,"Yes"
45,"Yes"
46,"No"
47,"No"
48,"No"
49,"Yes"
50,"No"
51,"No"
52,"No"
53,"Yes"
54,"Yes"
55,"Yes"
56,"No"
57,"Yes"
58,"Yes"
59,"Yes"
60,"No"
61,"Yes"
62,"Yes"
63,"Yes"
64,"Yes"
65,"Yes"
66,"No"
67,"Yes"
68,"No"
69,"No"
70,"No"
71,"Yes"
72,"Yes"
73,"No"
74,"Yes"
75,"Yes"
76,"Yes"
77,"No"
78,"Yes"
79,"No"
80,"Yes"
81,"No"
82,"Yes"
83,"No"
84,"No"
85,"Yes"
86,"No"
87,"No"
88,"No"
89,"No"
90,"Yes"
91,"Yes"
92,"Yes"
93,"No"
94,"Yes"
95,"Yes"
96,"Yes"
97,"Yes"
98,"Yes"
99,"No"
100,"Yes"
101,"No"
102,"No"
103,"No"
104,"No"
105,"No"
106,"No"
107,"No"
108,"No"
109,"No"
110,"Yes"
111,"No"
112,"No"
113,"Yes"
114,"No"
115,"No"
116,"No"
117,"No"
118,"No"
119,"No"
120,"Yes"
121,"No"
122,"No"
123,"No"
124,"No"
125,"Yes"
126,"Yes"
127,"No"
128,"Yes"
129,"No"
130,"Yes"
131,"No"
132,"No"
133,"No"
134,"No"
135,"Yes"
136,"No"
137,"No"
138,"No"
139,"Yes"
140,"Yes"
141,"No"
142,"Yes"
143,"Yes"
144,"No"
145,"No"
146,"Yes"
147,"Yes"
148,"No"
149,"Yes"
150,"No"
151,"No"
152,"No"
153,"No"
154,"No"
155,"No"
156,"No"
157,"Yes"
158,"Yes"
159,"No"
160,"No"
161,"No"
162,"Yes"
163,"No"
164,"Yes"
165,"No"
166,"Yes"
167,"No"
168,"No"
169,"No"
170,"No"
171,"No"
172,"No"
173,"No"
174,"Yes"
175,"Yes"
176,"No"
177,"Yes"
178,"No"
179,"Yes"
180,"No"
181,"No"
182,"No"
183,"No"
184,"Yes"
185,"No"
186,"No"
187,"No"
188,"No"
189,"No"
190,"Yes"
191,"Yes"
192,"Yes"
193,"Yes"
194,"No"
195,"No"
196,"Yes"
197,"No"
198,"Yes"
199,"Yes"
200,"No"
201,"Yes"
202,"No"
203,"No"
204,"No"
205,"Yes"
206,"No"
207,"No"
208,"No"
209,"Yes"
210,"Yes"
211,"No"
212,"No"
213,"No"
214,"Yes"
215,"Yes"
216,"No"
217,"No"
218,"No"
219,"No"
220,"Yes"
221,"No"
222,"Yes"
223,"Yes"
224,"No"
225,"No"
226,"Yes"
227,"No"
228,"No"
229,"No"
230,"Yes"
231,"Yes"
232,"No"
233,"No"
234,"No"
235,"No"
236,"Yes"
237,"No"
238,"No"
239,"No"
240,"No"
241,"No"
242,"No"
243,"No"
244,"Yes"
245,"Yes"
246,"No"
247,"No"
248,"No"
249,"No"
250,"No"
251,"No"
252,"No"
253,"No"
254,"Yes"
255,"No"
256,"Yes"
257,"No"
258,"No"
259,"No"
260,"Yes"
261,"No"
262,"Yes"
263,"No"
264,"No"
265,"No"
266,"No"
267,"No"
268,"No"
269,"No"
270,"Yes"
271,"Yes"
272,"No"
273,"Yes"
274,"No"
275,"Yes"
276,"Yes"
277,"No"
278,"No"
279,"No"
280,"Yes"
281,"No"
282,"Yes"
283,"No"
284,"No"
285,"Yes"
286,"Yes"
287,"No"
288,"Yes"
289,"Yes"
290,"Yes"
291,"No"
292,"No"
293,"Yes"
294,"No"
295,"No"
296,"Yes"
297,"Yes"
298,"No"
299,"No"
300,"No"
301,"No"
302,"No"
303,"Yes"
304,"Yes"
305,"No"
306,"No"
307,"No"
308,"No"
309,"Yes"
310,"Yes"
311,"No"
312,"No"
313,"No"
314,"Yes"
315,"No"
316,"Yes"
317,"No"
318,"No"
319,"Yes"
320,"No"
321,"Yes"
322,"Yes"
323,"No"
324,"No"
325,"No"
326,"No"
327,"Yes"
328,"Yes"
329,"Yes"
330,"Yes"
331,"No"
